Dry weight food eaten (g/mouse/cage/d),Cellulose intake (g/d),P eaten (kJ/mse/cage/d),C eaten (kJ/mse/cage/d),F eaten (kJ/mse/cage/d),Energy intake (kJ/mse/cage/d),age at death (w)
3.58,1.72,17.98,5.99,5.99,29.95,103
2.93,1.41,14.75,4.91,4.91,24.56,103
2.93,1.41,14.75,4.91,4.91,24.56,103
,,,,,,134
,,,,,,133
3.44,1.62,9.53,13.83,5.77,29.13,132
3.44,1.62,9.53,13.83,5.77,29.13,134
,,,,,,40
,,,,,,84
3.99,2.23,11.03,6.68,16.02,33.73,91
3.99,2.23,11.03,6.68,16.02,33.73,97
4.02,2.41,4.72,9.77,19.2,33.69,105
4.02,2.41,4.72,9.77,19.2,33.69,99
3.73,2.24,4.38,9.06,17.81,31.25,105
3.73,2.24,4.38,9.06,17.81,31.25,109
,,,,,,50
,,,,,,106
3.4,1.73,3.99,16.21,8.25,28.45,111
3.4,1.73,3.99,16.21,8.25,28.45,103
,,,,,,103
,,,,,,34
,,,,,,105
3.35,1.71,11.81,8.14,8.14,28.09,86
3.35,1.71,11.81,8.14,8.14,28.09,102
,,,,,,99
,,,,,,51
,,,,,,96
3.69,1.99,7.11,11.72,11.72,30.55,100
3.69,1.99,7.11,11.72,11.72,30.55,95
2.5,0.58,18.87,6.28,6.28,31.43,129
2.34,0.54,17.65,5.87,5.87,29.4,96
2.34,0.54,17.65,5.87,5.87,29.4,120
,,,,,,139
,,,,,,102
,,,,,,27
2.84,0.68,1.79,26.76,7.13,35.68,103
2.84,0.68,1.79,26.76,7.13,35.68,131
3.21,0.74,13.31,19.32,8.05,40.68,82
3.21,0.74,13.31,19.32,8.05,40.68,133
2.69,0.62,11.15,16.19,6.75,34.09,140
2.69,0.62,11.15,16.19,6.75,34.09,133
3.06,1.13,12.7,7.69,18.45,38.84,117
3.06,1.13,12.7,7.69,18.45,38.84,107
2.87,1.06,11.91,7.21,17.3,36.42,109
2.87,1.06,11.91,7.21,17.3,36.42,103
3.68,1.55,6.48,13.41,26.35,46.24,122
3.68,1.55,6.48,13.41,26.35,46.24,127
,,,,,,58
,,,,,,119
,,,,,,115
3.08,0.86,5.42,22.05,11.22,38.69,154
3.08,0.86,5.42,22.05,11.22,38.69,131
2.67,0.75,4.7,19.13,9.73,33.56,117
2.93,0.82,15.45,10.65,10.65,36.74,143
2.93,0.82,15.45,10.65,10.65,36.74,132
2.68,0.75,14.14,9.74,9.74,33.62,103
2.68,0.75,14.14,9.74,9.74,33.62,104
3.68,1.21,10.63,17.53,17.53,45.7,103
3.68,1.21,10.63,17.53,17.53,45.7,104
2.46,0.81,7.11,11.73,11.73,30.58,126
2.46,0.81,7.11,11.73,11.73,30.58,144
2.57,0.0,25.82,8.59,8.59,43.0,128
2.57,0.0,25.82,8.59,8.59,43.0,127
2.19,0.0,22.04,7.33,7.33,36.71,86
2.19,0.0,22.04,7.33,7.33,36.71,96
2.91,0.0,2.44,36.49,9.73,48.65,126
2.91,0.0,2.44,36.49,9.73,48.65,84
2.41,0.0,2.02,30.19,8.05,40.25,119
2.41,0.0,2.02,30.19,8.05,40.25,121
2.54,0.91,2.13,8.5,31.89,42.52,110
2.54,0.91,2.13,8.5,31.89,42.52,96
3.28,1.18,2.75,10.98,41.18,54.9,131
3.28,1.18,2.75,10.98,41.18,54.9,106
2.93,0.0,16.19,23.51,9.79,49.49,140
2.93,0.0,16.19,23.51,9.79,49.49,118
2.29,0.0,12.64,18.36,7.65,38.64,98
2.53,0.43,13.97,8.46,20.29,42.72,122
2.53,0.43,13.97,8.46,20.29,42.72,102
2.22,0.38,12.26,7.42,17.8,37.48,109
2.22,0.38,12.26,7.42,17.8,37.48,107
,,,,,,147
,,,,,,128
,,,,,,12
2.92,0.5,2.45,23.49,23.49,49.43,122
2.92,0.5,2.45,23.49,23.49,49.43,119
,,,,,,20
,,,,,,122
2.86,0.69,6.72,13.9,27.32,47.94,108
2.86,0.69,6.72,13.9,27.32,47.94,103
2.53,0.13,5.94,24.13,12.28,42.35,90
2.35,0.12,5.51,22.39,11.39,39.29,128
2.35,0.12,5.51,22.39,11.39,39.29,117
2.29,0.11,16.14,11.12,11.12,38.39,150
2.29,0.11,16.14,11.12,11.12,38.39,135
,,,,,,106
,,,,,,110
,,,,,,20
3.24,0.39,12.48,20.59,20.59,53.67,85
3.24,0.39,12.48,20.59,20.59,53.67,106
,,,,,,102
,,,,,,103
3.3,1.58,16.61,5.53,5.53,27.66,82
3.3,1.58,16.61,5.53,5.53,27.66,99
3.01,1.45,15.15,5.04,5.04,25.24,98
3.01,1.45,15.15,5.04,5.04,25.24,99
,,,,,,128
,,,,,,129
,,,,,,127
,,,,,,82
,,,,,,56
,,,,,,79
,,,,,,60
3.81,2.13,10.53,6.37,15.3,32.2,94
3.81,2.13,10.53,6.37,15.3,32.2,87
,,,,,,94
,,,,,,89
,,,,,,85
,,,,,,102
,,,,,,104
,,,,,,71
4.11,2.09,14.46,9.96,9.96,34.38,100
4.11,2.09,14.46,9.96,9.96,34.38,92
,,,,,,86
,,,,,,71
,,,,,,58
4.03,2.18,7.78,12.83,12.83,33.43,78
4.03,2.18,7.78,12.83,12.83,33.43,100
,,,,,,100
,,,,,,92
,,,,,,127
,,,,,,130
2.31,0.53,17.4,5.79,5.79,28.97,104
3.18,0.76,2.0,29.95,7.99,39.93,152
3.18,0.76,2.0,29.95,7.99,39.93,144
2.66,0.64,1.68,25.08,6.69,33.44,131
2.66,0.64,1.68,25.08,6.69,33.44,126
3.22,0.74,13.36,19.4,8.08,40.83,147
3.22,0.74,13.36,19.4,8.08,40.83,111
2.7,0.62,11.2,16.26,6.77,34.23,134
2.7,0.62,11.2,16.26,6.77,34.23,123
3.33,1.23,13.81,8.35,20.05,42.2,136
3.33,1.23,13.81,8.35,20.05,42.2,129
2.79,1.03,11.56,6.99,16.79,35.34,106
3.38,1.42,5.94,12.3,24.17,42.41,121
3.38,1.42,5.94,12.3,24.17,42.41,103
,,,,,,50
,,,,,,114
,,,,,,119
,,,,,,113
,,,,,,50
,,,,,,104
2.72,0.76,4.79,19.45,9.9,34.14,123
2.72,0.76,4.79,19.45,9.9,34.14,149
,,,,,,83
,,,,,,153
2.56,0.72,13.5,9.3,9.3,32.11,123
2.56,0.72,13.5,9.3,9.3,32.11,142
3.66,1.21,10.58,17.45,17.45,45.48,142
3.66,1.21,10.58,17.45,17.45,45.48,124
2.78,0.92,8.04,13.26,13.26,34.56,130
2.78,0.92,8.04,13.26,13.26,34.56,99
,,,,,,15
,,,,,,118
,,,,,,101
2.13,0.0,21.39,7.12,7.12,35.62,107
2.13,0.0,21.39,7.12,7.12,35.62,100
2.63,0.0,2.21,33.06,8.82,44.08,137
2.63,0.0,2.21,33.06,8.82,44.08,96
,,,,,,104
,,,,,,32
,,,,,,113
,,,,,,108
,,,,,,32
,,,,,,100
,,,,,,134
,,,,,,26
2.96,0.0,16.37,23.77,9.9,50.04,85
,,,,,,90
,,,,,,63
,,,,,,99
,,,,,,143
,,,,,,131
2.35,0.4,13.01,7.87,18.89,39.78,107
2.35,0.4,13.01,7.87,18.89,39.78,107
,,,,,,142
,,,,,,134
,,,,,,17
2.8,0.48,2.35,22.49,22.49,47.33,142
2.8,0.48,2.35,22.49,22.49,47.33,141
3.64,0.87,8.53,17.64,34.68,60.85,127
3.64,0.87,8.53,17.64,34.68,60.85,111
2.6,0.63,6.11,12.64,24.84,43.6,106
2.6,0.63,6.11,12.64,24.84,43.6,97
2.77,0.14,6.49,26.4,13.43,46.32,116
2.77,0.14,6.49,26.4,13.43,46.32,129
2.29,0.11,5.38,21.85,11.11,38.34,112
2.48,0.12,17.48,12.05,12.05,41.58,89
2.48,0.12,17.48,12.05,12.05,41.58,100
,,,,,,9
,,,,,,152
,,,,,,143
,,,,,,26
,,,,,,134
,,,,,,118
,,,,,,80
,,,,,,100
3.32,1.59,16.7,5.56,5.56,27.82,87
3.32,1.59,16.7,5.56,5.56,27.82,83
2.8,1.34,14.09,4.69,4.69,23.47,71
2.8,1.34,14.09,4.69,4.69,23.47,84
4.07,1.91,11.25,16.34,6.81,34.4,106
4.07,1.91,11.25,16.34,6.81,34.4,109
3.45,1.62,9.55,13.87,5.78,29.19,113
3.45,1.62,9.55,13.87,5.78,29.19,135
3.38,1.89,9.35,5.66,13.58,28.58,84
3.56,1.99,9.84,5.95,14.29,30.08,87
3.56,1.99,9.84,5.95,14.29,30.08,90
3.66,2.2,4.3,8.89,17.47,30.66,88
3.66,2.2,4.3,8.89,17.47,30.66,78
,,,,,,104
,,,,,,3
,,,,,,100
,,,,,,36
,,,,,,91
,,,,,,108
3.37,1.72,3.95,16.06,8.17,28.18,100
3.37,1.72,3.95,16.06,8.17,28.18,98
3.69,1.88,12.98,8.95,8.95,30.87,85
3.69,1.88,12.98,8.95,8.95,30.87,94
3.47,1.77,12.22,8.42,8.42,29.07,95
3.47,1.77,12.22,8.42,8.42,29.07,86
4.37,2.36,8.42,13.89,13.89,36.21,84
4.37,2.36,8.42,13.89,13.89,36.21,92
,,,,,,97
,,,,,,94
3.05,0.7,23.0,7.65,7.65,38.31,111
3.05,0.7,23.0,7.65,7.65,38.31,108
2.3,0.53,17.34,5.77,5.77,28.88,106
2.3,0.53,17.34,5.77,5.77,28.88,110
3.02,0.72,1.9,28.41,7.58,37.89,163
3.02,0.72,1.9,28.41,7.58,37.89,115
3.14,0.75,1.98,29.6,7.89,39.47,122
3.14,0.75,1.98,29.6,7.89,39.47,110
2.84,0.65,11.78,17.1,7.12,36.0,133
2.84,0.65,11.78,17.1,7.12,36.0,131
2.54,0.58,10.54,15.3,6.38,32.22,114
2.54,0.58,10.54,15.3,6.38,32.22,111
3.19,1.18,13.26,8.02,19.25,40.52,94
3.19,1.18,13.26,8.02,19.25,40.52,86
2.79,1.03,11.57,7.0,16.8,35.37,97
2.79,1.03,11.57,7.0,16.8,35.37,91
3.87,1.62,6.81,14.08,27.67,48.55,152
3.87,1.62,6.81,14.08,27.67,48.55,114
,,,,,,18
,,,,,,113
,,,,,,96
3.23,0.9,5.69,23.11,11.76,40.56,84
3.23,0.9,5.69,23.11,11.76,40.56,132
2.66,0.74,4.68,19.03,9.68,33.38,132
2.66,0.74,4.68,19.03,9.68,33.38,89
2.97,0.83,15.7,10.82,10.82,37.34,94
2.97,0.83,15.7,10.82,10.82,37.34,143
2.55,0.71,13.48,9.29,9.29,32.06,119
2.55,0.71,13.48,9.29,9.29,32.06,114
2.81,0.93,8.13,13.42,13.42,34.97,124
2.81,0.93,8.13,13.42,13.42,34.97,140
,,,,,,125
,,,,,,102
2.56,0.0,25.77,8.58,8.58,42.92,96
2.56,0.0,25.77,8.58,8.58,42.92,109
,,,,,,105
,,,,,,10
,,,,,,87
,,,,,,157
,,,,,,146
,,,,,,128
,,,,,,93
,,,,,,7
,,,,,,151
,,,,,,28
,,,,,,158
,,,,,,109
,,,,,,7
,,,,,,14
2.83,0.0,15.67,22.76,9.48,47.91,128
2.83,0.0,15.67,22.76,9.48,47.91,96
2.13,0.0,11.8,17.13,7.14,36.07,80
2.13,0.0,11.8,17.13,7.14,36.07,95
2.55,0.43,14.13,8.55,20.52,43.21,114
2.55,0.43,14.13,8.55,20.52,43.21,128
2.13,0.36,11.8,7.14,17.14,36.08,100
2.13,0.36,11.8,7.14,17.14,36.08,98
2.44,0.42,2.05,19.61,19.61,41.27,124
2.44,0.42,2.05,19.61,19.61,41.27,121
2.61,0.44,2.19,20.95,20.95,44.09,135
2.61,0.44,2.19,20.95,20.95,44.09,125
3.49,0.84,8.19,16.94,33.3,58.44,107
3.49,0.84,8.19,16.94,33.3,58.44,108
,,,,,,98
2.85,0.14,6.68,27.16,13.81,47.65,141
2.85,0.14,6.68,27.16,13.81,47.65,133
2.31,0.12,5.42,22.04,11.21,38.68,104
2.31,0.12,5.42,22.04,11.21,38.68,132
,,,,,,151
,,,,,,144
2.14,0.11,15.05,10.38,10.38,35.81,144
2.14,0.11,15.05,10.38,10.38,35.81,139
3.41,0.41,13.16,21.7,21.7,56.55,87
3.41,0.41,13.16,21.7,21.7,56.55,106
2.78,0.33,10.72,17.68,17.68,46.07,98
2.78,0.33,10.72,17.68,17.68,46.07,91
,,,,,,70
,,,,,,57
,,,,,,86
,,,,,,84
,,,,,,84
,,,,,,133
,,,,,,115
,,,,,,133
,,,,,,117
,,,,,,30
,,,,,,65
,,,,,,72
,,,,,,77
3.36,1.88,9.28,5.62,13.48,28.38,69
3.36,1.88,9.28,5.62,13.48,28.38,81
,,,,,,80
,,,,,,81
3.67,2.2,4.31,8.92,17.53,30.76,83
3.67,2.2,4.31,8.92,17.53,30.76,94
,,,,,,89
,,,,,,23
,,,,,,128
3.77,1.93,4.43,18.0,9.16,31.6,99
3.77,1.93,4.43,18.0,9.16,31.6,99
4.33,2.21,15.24,10.5,10.5,36.24,89
4.33,2.21,15.24,10.5,10.5,36.24,91
3.92,2.0,13.8,9.51,9.51,32.83,93
3.92,2.0,13.8,9.51,9.51,32.83,74
3.87,2.09,7.45,12.29,12.29,32.03,89
3.87,2.09,7.45,12.29,12.29,32.03,89
3.76,2.03,7.24,11.95,11.95,31.13,89
3.61,0.83,27.25,9.07,9.07,45.39,103
3.61,0.83,27.25,9.07,9.07,45.39,98
2.14,0.49,16.11,5.36,5.36,26.84,100
2.14,0.49,16.11,5.36,5.36,26.84,114
,,,,,,40
,,,,,,112
,,,,,,146
2.68,0.64,1.69,25.24,6.73,33.66,142
2.68,0.64,1.69,25.24,6.73,33.66,91
2.72,0.63,11.29,16.4,6.83,34.53,75
2.72,0.63,11.29,16.4,6.83,34.53,144
2.42,0.56,10.04,14.59,6.08,30.7,122
2.42,0.56,10.04,14.59,6.08,30.7,106
3.09,1.14,12.81,7.75,18.6,39.16,122
3.09,1.14,12.81,7.75,18.6,39.16,107
,,,,,,61
,,,,,,110
,,,,,,111
,,,,,,106
,,,,,,130
3.81,1.6,6.71,13.88,27.28,47.87,117
3.81,1.6,6.71,13.88,27.28,47.87,80
3.06,0.86,5.39,21.93,11.16,38.48,120
3.06,0.86,5.39,21.93,11.16,38.48,116
2.41,0.68,4.25,17.27,8.79,30.3,114
2.41,0.68,4.25,17.27,8.79,30.3,126
2.49,0.7,13.17,9.08,9.08,31.33,131
2.49,0.7,13.17,9.08,9.08,31.33,117
2.31,0.65,12.21,8.42,8.42,29.05,142
2.31,0.65,12.21,8.42,8.42,29.05,118
2.91,0.96,8.42,13.88,13.88,36.18,121
2.91,0.96,8.42,13.88,13.88,36.18,99
2.76,0.91,7.99,13.18,13.18,34.36,130
2.76,0.91,7.99,13.18,13.18,34.36,130
2.16,0.0,21.71,7.22,7.22,36.16,119
2.16,0.0,21.71,7.22,7.22,36.16,74
2.22,0.0,22.28,7.41,7.41,37.11,106
2.22,0.0,22.28,7.41,7.41,37.11,78
2.38,0.0,1.99,29.82,7.95,39.77,119
2.38,0.0,1.99,29.82,7.95,39.77,129
,,,,,,130
,,,,,,109
,,,,,,116
,,,,,,8
,,,,,,116
,,,,,,21
,,,,,,4
,,,,,,142
1.96,0.0,10.84,15.74,6.56,33.13,142
1.96,0.0,10.84,15.74,6.56,33.13,118
1.92,0.0,10.64,15.45,6.44,32.54,81
1.92,0.0,10.64,15.45,6.44,32.54,93
2.62,0.45,14.52,8.78,21.08,44.39,97
2.62,0.45,14.52,8.78,21.08,44.39,102
2.17,0.37,11.98,7.25,17.4,36.63,83
2.17,0.37,11.98,7.25,17.4,36.63,74
2.57,0.44,2.15,20.65,20.65,43.46,93
2.57,0.44,2.15,20.65,20.65,43.46,116
2.69,0.46,2.26,21.65,21.65,45.55,93
2.69,0.46,2.26,21.65,21.65,45.55,146
2.78,0.67,6.53,13.51,26.56,46.6,102
2.78,0.67,6.53,13.51,26.56,46.6,141
2.92,0.7,6.85,14.16,27.84,48.85,117
2.92,0.7,6.85,14.16,27.84,48.85,109
2.45,0.12,5.75,23.36,11.88,40.99,95
2.45,0.12,5.75,23.36,11.88,40.99,116
2.0,0.1,4.68,19.04,9.69,33.42,129
2.0,0.1,4.68,19.04,9.69,33.42,120
2.25,0.11,15.85,10.92,10.92,37.69,131
2.25,0.11,15.85,10.92,10.92,37.69,130
1.81,0.09,12.75,8.79,8.79,30.32,79
1.81,0.09,12.75,8.79,8.79,30.32,78
2.49,0.3,9.58,15.81,15.81,41.19,83
2.49,0.3,9.58,15.81,15.81,41.19,70
1.93,0.23,7.46,12.31,12.31,32.07,68
1.93,0.23,7.46,12.31,12.31,32.07,84
,,,,,,58
,,,,,,63
,,,,,,63
,,,,,,61
,,,,,,55
,,,,,,56
3.65,1.72,10.1,14.67,6.11,30.89,80
3.65,1.72,10.1,14.67,6.11,30.89,119
3.23,1.52,8.93,12.97,5.4,27.3,92
3.23,1.52,8.93,12.97,5.4,27.3,119
,,,,,,54
,,,,,,54
,,,,,,46
,,,,,,136
,,,,,,46
,,,,,,97
,,,,,,41
,,,,,,53
2.89,1.73,3.39,7.02,13.79,24.2,73
2.89,1.73,3.39,7.02,13.79,24.2,122
3.54,1.8,4.15,16.88,8.59,29.62,69
3.54,1.8,4.15,16.88,8.59,29.62,70
3.19,1.63,3.75,15.22,7.74,26.71,90
3.19,1.63,3.75,15.22,7.74,26.71,109
,,,,,,73
,,,,,,68
,,,,,,54
2.99,1.52,10.51,7.25,7.25,25.0,65
2.99,1.52,10.51,7.25,7.25,25.0,70
,,,,,,61
,,,,,,61
,,,,,,66
,,,,,,56
,,,,,,60
,,,,,,66
,,,,,,82
,,,,,,31
,,,,,,96
,,,,,,32
,,,,,,117
,,,,,,128
2.96,0.71,1.86,27.85,7.42,37.13,132
2.96,0.71,1.86,27.85,7.42,37.13,137
2.69,0.65,1.69,25.31,6.75,33.75,93
2.69,0.65,1.69,25.31,6.75,33.75,116
,,,,,,143
,,,,,,96
,,,,,,62
2.49,0.57,10.33,15.0,6.25,31.57,104
2.49,0.57,10.33,15.0,6.25,31.57,134
2.9,1.07,12.01,7.27,17.45,36.73,132
2.9,1.07,12.01,7.27,17.45,36.73,132
2.74,1.01,11.35,6.87,16.48,34.69,107
2.74,1.01,11.35,6.87,16.48,34.69,72
,,,,,,142
,,,,,,58
,,,,,,142
3.4,1.43,5.99,12.38,24.34,42.72,84
3.4,1.43,5.99,12.38,24.34,42.72,84
,,,,,,146
,,,,,,111
2.61,0.73,4.6,18.7,9.51,32.81,129
2.61,0.73,4.6,18.7,9.51,32.81,135
,,,,,,127
,,,,,,142
,,,,,,140
2.71,0.76,14.33,9.88,9.88,34.09,120
2.71,0.76,14.33,9.88,9.88,34.09,120
,,,,,,130
,,,,,,118
2.5,0.82,7.23,11.92,11.92,31.06,140
2.5,0.82,7.23,11.92,11.92,31.06,110
,,,,,,6
,,,,,,120
,,,,,,127
1.81,0.0,18.24,6.07,6.07,30.38,86
1.81,0.0,18.24,6.07,6.07,30.38,87
2.29,0.0,1.92,28.8,7.68,38.41,146
2.29,0.0,1.92,28.8,7.68,38.41,142
1.83,0.0,1.53,22.91,6.11,30.55,102
1.83,0.0,1.53,22.91,6.11,30.55,127
2.68,0.96,2.24,8.97,33.62,44.83,138
2.68,0.96,2.24,8.97,33.62,44.83,73
3.58,1.29,3.0,11.98,44.93,59.9,69
3.58,1.29,3.0,11.98,44.93,59.9,138
2.15,0.0,11.87,17.24,7.18,36.29,138
2.15,0.0,11.87,17.24,7.18,36.29,111
1.95,0.0,10.77,15.64,6.51,32.92,81
1.95,0.0,10.77,15.64,6.51,32.92,115
2.61,0.44,14.42,8.73,20.94,44.09,109
2.61,0.44,14.42,8.73,20.94,44.09,112
2.04,0.35,11.26,6.81,16.35,34.43,102
2.04,0.35,11.26,6.81,16.35,34.43,66
2.74,0.47,2.3,22.03,22.03,46.36,115
2.74,0.47,2.3,22.03,22.03,46.36,81
2.79,0.47,2.34,22.44,22.44,47.23,137
2.79,0.47,2.34,22.44,22.44,47.23,139
3.58,0.86,8.4,17.38,34.16,59.94,88
3.58,0.86,8.4,17.38,34.16,59.94,115
2.47,0.59,5.79,11.97,23.53,41.3,115
2.47,0.59,5.79,11.97,23.53,41.3,75
2.53,0.13,5.95,24.17,12.3,42.41,139
2.53,0.13,5.95,24.17,12.3,42.41,115
2.21,0.11,5.19,21.09,10.73,37.01,85
2.21,0.11,5.19,21.09,10.73,37.01,112
2.11,0.11,14.85,10.23,10.23,35.31,131
2.11,0.11,14.85,10.23,10.23,35.31,140
1.89,0.09,13.28,9.15,9.15,31.59,130
1.89,0.09,13.28,9.15,9.15,31.59,94
,,,,,,127
,,,,,,127
,,,,,,52
2.17,0.26,8.37,13.81,13.81,35.98,107
2.17,0.26,8.37,13.81,13.81,35.98,115
